{
  "financial_only": {
    "feature_set": "financial_only",
    "n_features": 34,
    "classifier": {
      "accuracy": 0.45089285714285715,
      "precision": 0.6329113924050633,
      "recall": 0.3472222222222222,
      "f1": 0.4484304932735426,
      "roc_auc": 0.5204861111111111
    },
    "regressor": {
      "rmse": 0.04958958465164105,
      "mae": 0.03732524835479524,
      "r2": -0.11936703045453223,
      "direction": 0.35714285714285715,
      "naive_rmse": 0.049565031571555764,
      "vs_naive_rmse": 2.455308008528917e-05,
      "target_std_train": 0.042251145703434446
    }
  },
  "sentiment_only": {
    "feature_set": "sentiment_only",
    "n_features": 50,
    "classifier": {
      "accuracy": 0.45982142857142855,
      "precision": 0.6161616161616161,
      "recall": 0.4236111111111111,
      "f1": 0.5020576131687243,
      "roc_auc": 0.4901909722222223
    },
    "regressor": {
      "rmse": 0.04958958465164105,
      "mae": 0.03732524835479524,
      "r2": -0.11936703045453223,
      "direction": 0.35714285714285715,
      "naive_rmse": 0.049565031571555764,
      "vs_naive_rmse": 2.455308008528917e-05,
      "target_std_train": 0.042251145703434446
    }
  },
  "combined": {
    "feature_set": "combined",
    "n_features": 93,
    "classifier": {
      "accuracy": 0.53125,
      "precision": 0.6857142857142857,
      "recall": 0.5,
      "f1": 0.5783132530120482,
      "roc_auc": 0.5434895833333333
    },
    "regressor": {
      "rmse": 0.04958958465164105,
      "mae": 0.03732524835479524,
      "r2": -0.11936703045453223,
      "direction": 0.35714285714285715,
      "naive_rmse": 0.049565031571555764,
      "vs_naive_rmse": 2.455308008528917e-05,
      "target_std_train": 0.042251145703434446
    }
  },
  "full_with_finbert": {
    "feature_set": "full_with_finbert",
    "n_features": 861,
    "classifier": {
      "accuracy": 0.5,
      "precision": 0.6481481481481481,
      "recall": 0.4861111111111111,
      "f1": 0.5555555555555556,
      "roc_auc": 0.5094618055555555
    },
    "regressor": {
      "rmse": 0.04958958465164105,
      "mae": 0.03732524835479524,
      "r2": -0.11936703045453223,
      "direction": 0.35714285714285715,
      "naive_rmse": 0.049565031571555764,
      "vs_naive_rmse": 2.455308008528917e-05,
      "target_std_train": 0.042251145703434446
    }
  }
}